scenario,method,seed,throughput,avg_wait,avg_cycle,avg_wip,resource_cost,sla_violation,unfinished,total_reward,mean_servers,mean_rate
normal,Fixed,0,1.5,0.657797357725914,1.653132317805905,2.4801115004586207,2.0,0.006659267480577136,1,-18.170815569548054,2.0,1.0
normal,Fixed,1,1.395,0.5177524674772768,1.5263365574294283,2.1260107599124884,2.0,0.0,0,-14.812893577304285,2.0,1.0
normal,Fixed,2,1.505,1.0511007060294149,2.0528219761803994,3.086997318079702,2.0,0.11406423034330011,0,-50.94302745131729,2.0,1.0
normal,Fixed,3,1.5533333333333332,0.6339656922349535,1.621561335668205,2.516121985778085,2.0,0.0,1,-14.719144584226315,2.0,1.0
normal,Fixed,4,1.5266666666666666,0.5739203979205626,1.568691547093223,2.392610671539971,2.0,0.0010905125408942203,1,-13.000307652160247,2.0,1.0
normal,Fixed,5,1.4416666666666667,0.5828210171512015,1.6000468253163826,2.303967648839692,2.0,0.0011560693641618498,0,-16.371817181149986,2.0,1.0
normal,Fixed,6,1.47,0.6037480032603576,1.603147504994991,2.356005786120305,2.0,0.006787330316742082,2,-16.757386619795216,2.0,1.0
normal,Fixed,7,1.5083333333333333,0.709131064882397,1.6926671680949334,2.55041953288669,2.0,0.00772626931567329,1,-20.048418996673536,2.0,1.0
normal,Fixed,8,1.4733333333333334,0.44327687936021803,1.4292566133499907,2.104093453059083,2.0,0.0,1,-8.60482427734198,2.0,1.0
normal,Fixed,9,1.5166666666666666,0.8177031705363819,1.8087489230383238,2.740418100720574,2.0,0.01978021978021978,0,-26.87640974239852,2.0,1.0
normal,Fixed,10,1.59,0.8196535412320524,1.8170299136582275,2.886297049727639,2.0,0.02510460251046025,2,-26.49263395362134,2.0,1.0
normal,Fixed,11,1.4716666666666667,0.7764603091555873,1.7744742261469864,2.615055406846027,2.0,0.02593010146561443,4,-27.284473650557363,2.0,1.0
normal,Fixed,12,1.4766666666666666,0.5349975255724898,1.540241348793865,2.2719167894534937,2.0,0.0,1,-12.88323570315871,2.0,1.0
normal,Fixed,13,1.5066666666666666,0.6973306318486736,1.6963067184563978,2.5531084044023435,2.0,0.004419889502762431,1,-19.55993515748645,2.0,1.0
normal,Fixed,14,1.5516666666666667,1.189815775605725,2.184285777582997,3.390242678016139,2.0,0.10932475884244373,2,-56.60292644310847,2.0,1.0
normal,Fixed,15,1.4533333333333334,0.4469027093404959,1.449016365173081,2.1037007424510317,2.0,0.0,0,-9.735383785759748,2.0,1.0
normal,Fixed,16,1.41,0.42670565359804147,1.4347901839447676,2.0225119510092977,2.0,0.0,1,-10.503163775386177,2.0,1.0
normal,Fixed,17,1.5116666666666667,0.7140666658660904,1.7197687644376105,2.6012030639752672,2.0,0.006593406593406593,3,-20.673124194401332,2.0,1.0
normal,Fixed,18,1.5233333333333334,0.9708363103937707,1.9825705852953681,3.0219954154914506,2.0,0.020719738276990186,3,-34.16034432432125,2.0,1.0
normal,Fixed,19,1.565,0.759197599754773,1.742436558654411,2.7289404765248992,2.0,0.022269353128313893,4,-23.082617812199008,2.0,1.0
normal,Fixed,20,1.5266666666666666,0.6259712320742036,1.6168200998264544,2.470982517550224,2.0,0.006528835690968444,3,-15.963942415076398,2.0,1.0
normal,Fixed,21,1.4983333333333333,0.6895913632040532,1.6850671480086892,2.5223703340772476,2.0,0.004449388209121246,0,-19.343346451163647,2.0,1.0
normal,Fixed,22,1.4433333333333334,0.47007130268936376,1.4716851457494464,2.1230630368337695,2.0,0.0,3,-11.091770345447266,2.0,1.0
normal,Fixed,23,1.46,0.44930451548829226,1.4528627734867763,2.1191842660068185,2.0,0.0,2,-9.654526827296987,2.0,1.0
normal,Fixed,24,1.455,0.5765070653480765,1.5817272865535459,2.302696853615671,2.0,0.00228310502283105,3,-15.697103549547993,2.0,1.0
normal,Fixed,25,1.3866666666666667,0.5080560233539735,1.5101889361392067,2.091291441943278,2.0,0.001199040767386091,2,-14.694222705058035,2.0,1.0
normal,Fixed,26,1.47,0.6969970658208071,1.685922576395116,2.4760495130550604,2.0,0.0,1,-20.01142669180365,2.0,1.0
normal,Fixed,27,1.5333333333333334,0.7255017304843814,1.714535631933682,2.6270527450315093,2.0,0.011943539630836048,1,-20.745017576087946,2.0,1.0
normal,Fixed,28,1.475,0.6472398527311368,1.6300575232689025,2.4020026484977515,2.0,0.009029345372460496,1,-18.672832491814763,2.0,1.0
normal,Fixed,29,1.52,0.7055436911946616,1.7020505307279046,2.586136986992902,2.0,0.002190580503833516,1,-19.3607614386504,2.0,1.0
normal,Static-Opt,0,1.5016666666666667,0.24391241004086323,1.0711685768385384,1.605782360896342,2.4400000000000017,0.0,0,-8.962340774160639,2.0,1.2000000000000002
normal,Static-Opt,1,1.395,0.2628134433076649,1.1053257837743145,1.5387007306636045,2.4400000000000017,0.0,0,-14.56365432941871,2.0,1.2000000000000002
normal,Static-Opt,2,1.505,0.29329379997064114,1.1296818632742618,1.6976714481559627,2.4400000000000017,0.0,0,-11.418346688278307,2.0,1.2000000000000002
normal,Static-Opt,3,1.5533333333333332,0.30906580164387637,1.136308603023086,1.762362741069334,2.4400000000000017,0.0,1,-9.789832706794794,2.0,1.2000000000000002
normal,Static-Opt,4,1.5266666666666666,0.24481739686832432,1.0721864455299737,1.6346128831534108,2.4400000000000017,0.0,1,-7.94293666378248,2.0,1.2000000000000002
normal,Static-Opt,5,1.4416666666666667,0.27027858345297245,1.1165289467037158,1.606896040506431,2.4400000000000017,0.0,0,-12.99648172668181,2.0,1.2000000000000002
normal,Static-Opt,6,1.47,0.26754879821713473,1.0994566827337415,1.6155802773962682,2.4400000000000017,0.0,2,-11.466304529580604,2.0,1.2000000000000002
normal,Static-Opt,7,1.5083333333333333,0.2744907365976523,1.0948117919606273,1.6486543405507783,2.4400000000000017,0.0,1,-9.936275585235599,2.0,1.2000000000000002
normal,Static-Opt,8,1.4733333333333334,0.17730549031796355,0.9955098419464631,1.465039876524552,2.4400000000000017,0.0,1,-7.082620121527016,2.0,1.2000000000000002
normal,Static-Opt,9,1.5166666666666666,0.3021142837008202,1.1343869650590688,1.7176357977853736,2.4400000000000017,0.0,0,-11.05934951845688,2.0,1.2000000000000002
normal,Static-Opt,10,1.59,0.35860993497141,1.189863078562806,1.8891017819259193,2.4400000000000017,0.0020920502092050207,2,-10.945512313068178,2.0,1.2000000000000002
normal,Static-Opt,11,1.475,0.34246984539699576,1.1773064839874061,1.7335691502166157,2.4400000000000017,0.0,2,-14.595404197889627,2.0,1.2000000000000002
normal,Static-Opt,12,1.4766666666666666,0.23938414993421764,1.0842103851326674,1.5985110664471252,2.4400000000000017,0.0,1,-10.144963502617006,2.0,1.2000000000000002
normal,Static-Opt,13,1.5066666666666666,0.31106957574884453,1.145590301284328,1.7233623358630916,2.4400000000000017,0.0,1,-11.916554924665762,2.0,1.2000000000000002
normal,Static-Opt,14,1.555,0.3261966213084433,1.1524195757204316,1.7894692380364456,2.4400000000000017,0.0,0,-10.503874286860677,2.0,1.2000000000000002
normal,Static-Opt,15,1.4533333333333334,0.19786899287580997,1.034610666402823,1.501431126904923,2.4400000000000017,0.0,0,-9.193426376490265,2.0,1.2000000000000002
normal,Static-Opt,16,1.4116666666666666,0.19525283012325645,1.0369294685667994,1.461305757791785,2.4400000000000017,0.0,0,-10.997043506933363,2.0,1.2000000000000002
normal,Static-Opt,17,1.5133333333333334,0.258213389757263,1.0956222845309433,1.6575218257349411,2.4400000000000017,0.0,2,-9.338000434194269,2.0,1.2000000000000002
normal,Static-Opt,18,1.525,0.3695945844734975,1.2130295122673602,1.8494195609831707,2.4400000000000017,0.0,2,-14.059443617988727,2.0,1.2000000000000002
normal,Static-Opt,19,1.565,0.3272491065901229,1.1459544054784752,1.7954459068045594,2.4400000000000017,0.0,4,-10.09957509814545,2.0,1.2000000000000002
normal,Static-Opt,20,1.5283333333333333,0.3144755199151074,1.1442019627796447,1.746742274700102,2.4400000000000017,0.0,2,-11.112128849265828,2.0,1.2000000000000002
normal,Static-Opt,21,1.4983333333333333,0.24112875853250892,1.073933283631394,1.6066880939519346,2.4400000000000017,0.0,0,-9.08349974504498,2.0,1.2000000000000002
normal,Static-Opt,22,1.4433333333333334,0.21734243865032607,1.0523351810708195,1.5178012544809516,2.4400000000000017,0.0,3,-10.462733069479247,2.0,1.2000000000000002
normal,Static-Opt,23,1.46,0.21590265008783835,1.0509609955274584,1.5324076701862148,2.4400000000000017,0.0,2,-9.673066010434837,2.0,1.2000000000000002
normal,Static-Opt,24,1.4566666666666668,0.22125478070962534,1.057820903989873,1.5401809603580094,2.4400000000000017,0.0,2,-10.104986396725828,2.0,1.2000000000000002
normal,Static-Opt,25,1.3866666666666667,0.2515044129755497,1.0918351730156883,1.511174223745332,2.4400000000000017,0.0,2,-14.411640832813704,2.0,1.2000000000000002
normal,Static-Opt,26,1.47,0.2798052012182737,1.107732930580727,1.6261107337079086,2.4400000000000017,0.0,1,-11.916974428730434,2.0,1.2000000000000002
normal,Static-Opt,27,1.535,0.2922840747900315,1.1147840274988192,1.7076058334035886,2.4400000000000017,0.0,0,-9.667078987291639,2.0,1.2000000000000002
normal,Static-Opt,28,1.475,0.2771635887470436,1.095737352210508,1.6138803961866206,2.4400000000000017,0.0,1,-11.42525803547346,2.0,1.2000000000000002
normal,Static-Opt,29,1.5216666666666667,0.31586921390113265,1.1485966235293712,1.7452275728410875,2.4400000000000017,0.0,0,-11.494388642845074,2.0,1.2000000000000002
normal,PPO,0,1.5016666666666667,0.2245663030938064,1.055762380076231,1.5826469863486943,2.469737411156766,0.0,0,-9.053913343512987,2.033333333333333,1.196591560045878
normal,PPO,1,1.395,0.25553545702207925,1.1004472642481997,1.531895195838993,2.4504634132535057,0.0,0,-14.613140073497583,2.0166666666666666,1.1968386193116507
normal,PPO,2,1.505,0.26103164585231187,1.0954246735817348,1.6461143775979292,2.45842325308923,0.0011074197120708748,0,-10.505334229301146,2.0166666666666666,1.1991876324017843
normal,PPO,3,1.5533333333333332,0.2985597068563421,1.1308787824840558,1.753928419731457,2.4746868949330847,0.0,1,-10.43547728847344,2.05,1.191972651084264
normal,PPO,4,1.5266666666666666,0.23443642718267974,1.0654979789160224,1.624401824014744,2.46255856201232,0.0,1,-8.211891767526646,2.033333333333333,1.1943982342878978
normal,PPO,5,1.4416666666666667,0.2646022686621836,1.1139357164947181,1.6031574668744115,2.466918584885078,0.0,0,-13.611876020829037,2.033333333333333,1.1957055668036143
normal,PPO,6,1.47,0.2648768559987167,1.1024023346542657,1.6198709937361382,2.4495996651134964,0.0,2,-11.735083487964708,2.0166666666666666,1.19656463265419
normal,PPO,7,1.5083333333333333,0.2585194880814513,1.0842864770669463,1.6326913291163634,2.467216753765847,0.0,1,-10.127602663783273,2.033333333333333,1.1958420773347218
normal,PPO,8,1.4733333333333334,0.1773435563040271,0.9958743316120593,1.4655768912140907,2.4380899188022225,0.0,1,-7.032771371818651,2.0,1.1991876324017843
normal,PPO,9,1.5166666666666666,0.3014101940402269,1.1339611044022004,1.7169139518075323,2.4525761031607947,0.0,0,-11.40874881381252,2.0166666666666666,1.197491502761841
normal,PPO,10,1.59,0.3021561525233312,1.1364745095871833,1.8041691710050822,2.470244047877572,0.0,2,-9.00506057360598,2.033333333333333,1.1966699341932931
normal,PPO,11,1.475,0.3146181662541833,1.151353580724062,1.6952886177939077,2.47757661873126,0.0,2,-14.523874289513355,2.033333333333333,1.1988571325937907
normal,PPO,12,1.4766666666666666,0.24146214983069803,1.087105980537271,1.6027868955594322,2.4380899188022225,0.0,1,-10.194204253279908,2.0,1.1991876324017843
normal,PPO,13,1.5066666666666666,0.25167411359018454,1.092119064469103,1.6427990056312956,2.4952749673639674,0.0,1,-10.997239049060465,2.066666666666667,1.192083724339803
normal,PPO,14,1.555,0.2606149282299223,1.0864715106236704,1.6867330971216337,2.4771487187931642,0.0,0,-8.549870570410153,2.033333333333333,1.1987359007199605
normal,PPO,15,1.4533333333333334,0.20539714822564148,1.0457496925082277,1.5176198447802065,2.4380899188022225,0.0,0,-9.527325099012023,2.0,1.1991876324017843
normal,PPO,16,1.4116666666666666,0.19331282480238096,1.0389981054438704,1.4642259834408362,2.4628777017281025,0.0,0,-11.669121731361717,2.033333333333333,1.1945021331310273
normal,PPO,17,1.5133333333333334,0.2435090970730752,1.0825715945631125,1.6377717814954587,2.4679945013946303,0.0,2,-9.53733863960236,2.033333333333333,1.1960734963417052
normal,PPO,18,1.525,0.31798626753022396,1.167073161005169,1.7793361252176805,2.5020767052051944,0.0,2,-13.664716096379001,2.066666666666667,1.194108537832896
normal,PPO,19,1.565,0.28578450958046103,1.109496025452592,1.7383885419870633,2.4842640410824957,0.0,4,-9.574750255048272,2.05,1.1948710083961487
normal,PPO,20,1.5283333333333333,0.2915278583902862,1.127375775928218,1.720993499663921,2.477791639789547,0.0,2,-11.305602573970322,2.05,1.192877048254013
normal,PPO,21,1.4983333333333333,0.24932298233599925,1.0836377198668845,1.62119408168753,2.4520514804216367,0.0,0,-9.840114226501463,2.0166666666666666,1.1973315715789794
normal,PPO,22,1.4433333333333334,0.20346834171051553,1.0423269065364336,1.5033559781593318,2.4548516961487583,0.0,3,-10.374491599586387,2.0166666666666666,1.1981696248054505
normal,PPO,23,1.46,0.21257829722483537,1.0492589381638564,1.5299226663409817,2.4380899188022225,0.0,2,-9.50236071484359,2.0,1.1991876324017843
normal,PPO,24,1.455,0.20195566978963136,1.0396082275254703,1.5139136226391725,2.471470814581999,0.0,3,-10.34492274708274,2.033333333333333,1.1970495184262593
normal,PPO,25,1.3866666666666667,0.2421460824813635,1.0851151378779877,1.5018557749092956,2.4651096221560556,0.0,2,-14.819524182328092,2.033333333333333,1.1951957444349925
normal,PPO,26,1.47,0.25548045325593083,1.0873130383995742,1.5960934921047571,2.4797714486671483,0.0,1,-12.106278158423557,2.05,1.1935135185718537
normal,PPO,27,1.535,0.2642695006269167,1.0901548284553269,1.6697947131012445,2.45093596441484,0.0,0,-8.767381791981927,2.0166666666666666,1.196986730893453
normal,PPO,28,1.475,0.2403507527050102,1.0612223150230875,1.5628720858571914,2.453019364134344,0.0,1,-10.226358438634724,2.0166666666666666,1.1976255496342978
normal,PPO,29,1.5216666666666667,0.30601037932087194,1.1423040323455897,1.7356238281911638,2.4838873634842797,0.0,0,-12.425731132421154,2.05,1.1948031703631083
normal,PPO (v1 reward),0,1.5016666666666667,0.0090259213524469,0.8645977147365277,1.2955817828825076,4.687681537941338,0.0,0,-66.32139818698681,4.0,1.1592105348904929
normal,PPO (v1 reward),1,1.395,0.011002087998764978,0.880560401237047,1.225153021938435,4.678100419073531,0.0,0,-71.62111126511618,4.0,1.1571429232756296
normal,PPO (v1 reward),2,1.505,0.004802729210801919,0.8697223906229292,1.306432441744927,4.6890270829211556,0.0,0,-66.17810772289442,4.0,1.1594999392827352
normal,PPO (v1 reward),3,1.5533333333333332,0.014246808281507315,0.8695111817882387,1.3479374133172874,4.694200213421447,0.0,1,-64.19959612200175,4.0,1.1606202642122905
normal,PPO (v1 reward),4,1.5266666666666666,0.008923482731255927,0.8657768410930456,1.3194942202716662,4.690808508417066,0.0,1,-65.20340320122693,4.0,1.1598860760529837
normal,PPO (v1 reward),5,1.4416666666666667,0.007384571687820385,0.884260264747998,1.2720420239395565,4.683893635742888,0.0,0,-69.47294299486025,4.0,1.1583956042925516
normal,PPO (v1 reward),6,1.47,0.010569161630894972,0.8712939585513564,1.2801810727674472,4.68648529455582,0.0,2,-68.03639172663742,4.0,1.1589554210503896
normal,PPO (v1 reward),7,1.5083333333333333,0.007396837928973627,0.8568217051547415,1.2896859595304029,4.690241743628308,0.0,1,-65.8843079729857,4.0,1.1597594996293386
normal,PPO (v1 reward),8,1.4733333333333334,0.006121666482992198,0.8556560116633982,1.25898856648973,4.686305497445537,0.0,1,-67.45937431637192,4.0,1.1589130719502767
normal,PPO (v1 reward),9,1.5166666666666666,0.011301898555272354,0.8696641865946929,1.3161395836904228,4.690265268025962,0.0,0,-65.8101748756228,4.0,1.1597631434599558
normal,PPO (v1 reward),10,1.59,0.01312646736497649,0.8723251315841802,1.3842164461094542,4.696890602142413,0.0,2,-62.49299491357143,4.0,1.1611936767896016
normal,PPO (v1 reward),11,1.475,0.014031526895382956,0.8743801711220938,1.2867528386310045,4.684938801418629,0.0,2,-67.86173514520328,4.0,1.1586152613162994
normal,PPO (v1 reward),12,1.4766666666666666,0.008975635594389774,0.8821692721609409,1.3001636895237179,4.686694558763284,0.0,1,-67.84137343128195,4.0,1.158995306491852
normal,PPO (v1 reward),13,1.5066666666666666,0.015374601699095209,0.8776718219442035,1.3196984935604463,4.6892375604955,0.0,1,-66.53046793566986,4.0,1.1595444361368814
normal,PPO (v1 reward),14,1.555,0.01460911396794396,0.8700081024912799,1.350319397073225,4.69396586003883,0.0,0,-64.13171766600632,4.0,1.1605619808038077
normal,PPO (v1 reward),15,1.4533333333333334,0.005823606330082775,0.8747185451239394,1.2690545772483743,4.686451732659744,0.0,0,-68.77455244836777,4.0,1.1589467128117878
normal,PPO (v1 reward),16,1.4116666666666666,0.007312013594360856,0.8777231983808749,1.2365595729702408,4.680676327565098,0.0,0,-70.74480296802858,4.0,1.15769761800766
normal,PPO (v1 reward),17,1.5133333333333334,0.009166929153348961,0.8761004421846096,1.3253121042293243,4.690551782383645,0.0,2,-66.07000587239848,4.0,1.1598292450110117
normal,PPO (v1 reward),18,1.5266666666666666,0.014999126956821549,0.8871224188148785,1.3517978988117305,4.690947347081765,0.0,1,-65.7621712069672,4.0,1.1599097351233165
normal,PPO (v1 reward),19,1.5666666666666667,0.013267719242623112,0.8609611322435904,1.349919681034951,4.696187468666014,0.0,3,-63.46005547812151,4.0,1.1610471268494924
normal,PPO (v1 reward),20,1.5283333333333333,0.012121127794042938,0.8695631613636351,1.3270026397674746,4.690955067099739,0.0,2,-65.28613591581605,4.0,1.1599168499310812
normal,PPO (v1 reward),21,1.4983333333333333,0.009612182137575049,0.8721436075804128,1.304339895920258,4.6882881546030495,0.0,0,-66.65996394138499,4.0,1.1593417783578237
normal,PPO (v1 reward),22,1.4433333333333334,0.00549485699904752,0.8729712821812997,1.2589193603400888,4.6837964719086695,0.0,3,-69.16368286617637,4.0,1.158377714951833
normal,PPO (v1 reward),23,1.46,0.0076833146748967,0.8725974865360423,1.2719969469643728,4.685711139643799,0.0,2,-68.43721506254273,4.0,1.1587881127993265
normal,PPO (v1 reward),24,1.4583333333333333,0.006171600614060505,0.8741937739543443,1.2725946962364596,4.684631436120226,0.0,1,-68.47208395456343,4.0,1.1585524559020997
normal,PPO (v1 reward),25,1.3866666666666667,0.013764689190633082,0.8814901494856661,1.2194957910052762,4.6793239361203876,0.0,2,-72.1572342178732,4.0,1.1574107905228932
normal,PPO (v1 reward),26,1.47,0.01090918245861131,0.8647775383036962,1.2689663069638166,4.687017846719233,0.0,1,-67.92678805299771,4.0,1.159062639872233
normal,PPO (v1 reward),27,1.535,0.007383547397723154,0.8624210970381408,1.3202287350421396,4.692811930087453,0.0,0,-64.73111013772832,4.0,1.1603187719980876
normal,PPO (v1 reward),28,1.475,0.00816185558327853,0.8578090685724149,1.262936177724818,4.685905316847254,0.0,1,-67.44909090385151,4.0,1.1588250358899435
normal,PPO (v1 reward),29,1.5216666666666667,0.014085436752238648,0.8731378168268279,1.3260710885638198,4.691496082715025,0.0,0,-65.74353565686036,4.0,1.1600333789984385
demand_surge,Fixed,0,1.6466666666666667,4.1643542083533065,5.174164478708768,8.519870442390939,2.0,0.45656565656565656,2,-293.3468961623991,2.0,1.0
demand_surge,Fixed,1,1.505,2.2919410700383556,3.287911046576221,4.94460068097128,2.0,0.24806201550387597,0,-137.89876681349833,2.0,1.0
demand_surge,Fixed,2,1.6216666666666666,1.3849107279283677,2.3893167152555628,3.8738246727571752,2.0,0.06864754098360656,3,-59.345469983921866,2.0,1.0
demand_surge,Fixed,3,1.665,1.8993446069324935,2.887925106459343,4.804852304079258,2.0,0.161,1,-108.68688767455691,2.0,1.0
demand_surge,Fixed,4,1.56,1.871212951855162,2.875243386454778,4.482145405070854,2.0,0.22174840085287847,2,-109.48852398301585,2.0,1.0
demand_surge,Fixed,5,1.6133333333333333,0.8459743857256703,1.8493259310365417,2.9800456619880626,2.0,0.020618556701030927,2,-25.934827064874305,2.0,1.0
demand_surge,Fixed,6,1.6483333333333334,2.3514212310593097,3.3447556772561855,5.511002654784694,2.0,0.23434343434343435,1,-141.3778082163938,2.0,1.0
demand_surge,Fixed,7,1.6916666666666667,2.259218760081175,3.2466814168334617,5.496521561955536,2.0,0.20648967551622419,2,-137.80203763289748,2.0,1.0
demand_surge,Fixed,8,1.59,1.0623899132489871,2.05423515203473,3.2634751093611,2.0,0.027253668763102725,0,-37.860017497276246,2.0,1.0
demand_surge,Fixed,9,1.6166666666666667,1.3652570616599509,2.353049062534983,3.8142395882723985,2.0,0.11909650924024641,4,-66.82939339644257,2.0,1.0
demand_surge,Fixed,10,1.685,3.3241972381804983,4.312904953926562,7.264303238494475,2.0,0.4116485686080948,2,-230.9050870481802,2.0,1.0
demand_surge,Fixed,11,1.61,2.162643645243046,3.152598192449009,5.073413009300517,2.0,0.2264736297828335,1,-129.51184837931982,2.0,1.0
demand_surge,Fixed,12,1.6483333333333334,1.737776912179591,2.736086650406016,4.510089744415157,2.0,0.15423387096774194,3,-97.90934666845597,2.0,1.0
demand_surge,Fixed,13,1.6683333333333332,1.7908697683422552,2.781805056418305,4.64710921193073,2.0,0.1781094527363184,4,-100.64183593292445,2.0,1.0
demand_surge,Fixed,14,1.6933333333333334,1.8177788213857213,2.817879451586366,4.774461652800725,2.0,0.13738959764474976,3,-96.86924376141083,2.0,1.0
demand_surge,Fixed,15,1.6733333333333333,1.4965210888978797,2.489960853841269,4.168669040423051,2.0,0.08151093439363817,2,-67.24329172061996,2.0,1.0
demand_surge,Fixed,16,1.6183333333333334,1.1888939834375223,2.186803430968351,3.536908152936324,2.0,0.09146968139773895,2,-54.07439756517261,2.0,1.0
demand_surge,Fixed,17,1.6233333333333333,2.474958020698356,3.4814923397526725,5.6513389991516725,2.0,0.2906857727737973,3,-155.76616518058697,2.0,1.0
demand_surge,Fixed,18,1.6783333333333332,6.987354774591448,8.00626529840175,13.475191774179402,2.0,0.39331366764995085,10,-506.7364653764461,2.0,1.0
demand_surge,Fixed,19,1.7066666666666668,2.151014745785897,3.140335433267342,5.3577357480573875,2.0,0.23902439024390243,1,-127.56783247791265,2.0,1.0
demand_surge,Fixed,20,1.68,1.6767556123990823,2.664950409019036,4.476059852582986,2.0,0.14356435643564355,2,-87.01047637386057,2.0,1.0
demand_surge,Fixed,21,1.5866666666666667,1.9632160308387698,2.9544333624304433,4.684992660689731,2.0,0.18172268907563024,0,-109.33578351249794,2.0,1.0
demand_surge,Fixed,22,1.5966666666666667,0.8762306344321011,1.8804782804791933,3.001061317929347,2.0,0.009375,2,-26.661239631988582,2.0,1.0
demand_surge,Fixed,23,1.6,1.0061841832995198,2.003550510413327,3.2136665747147277,2.0,0.027921406411582212,7,-36.06420991719134,2.0,1.0
demand_surge,Fixed,24,1.57,1.7262450254624768,2.7236986192817474,4.275331878224922,2.0,0.12447257383966245,6,-90.69855492345394,2.0,1.0
demand_surge,Fixed,25,1.5183333333333333,0.9484663078487302,1.9499974952149064,2.9566418741044926,2.0,0.04500548847420417,0,-36.16315572085173,2.0,1.0
demand_surge,Fixed,26,1.61,2.7756363840547853,3.764300315745371,6.063085188177973,2.0,0.2749742533470649,5,-179.20823303825043,2.0,1.0
demand_surge,Fixed,27,1.7033333333333334,2.5607268233058194,3.561378441460984,6.063928239329653,2.0,0.25513196480938416,1,-160.0037443265927,2.0,1.0
demand_surge,Fixed,28,1.6783333333333332,0.9521708595019228,1.9422223123689866,3.255951184796509,2.0,0.019860973187686197,0,-29.73694966431221,2.0,1.0
demand_surge,Fixed,29,1.645,1.1541261447587159,2.153719605621423,3.5409845140875738,2.0,0.04040404040404041,3,-44.030329474398684,2.0,1.0
demand_surge,Static-Opt,0,1.6466666666666667,0.6091845517206289,1.448762427953403,2.3853750654804364,2.4400000000000017,0.00101010101010101,2,-21.52041731521815,2.0,1.2000000000000002
demand_surge,Static-Opt,1,1.505,0.40330470756917786,1.2328781215017353,1.8517761287341747,2.4400000000000017,0.0,0,-16.046838072859124,2.0,1.2000000000000002
demand_surge,Static-Opt,2,1.6216666666666666,0.43470437454242594,1.2731609920758673,2.0637921416674376,2.4400000000000017,0.0,3,-13.356397944141301,2.0,1.2000000000000002
demand_surge,Static-Opt,3,1.665,0.42173864146358453,1.249163337338468,2.0763139584929977,2.4400000000000017,0.0,1,-10.855274586579597,2.0,1.2000000000000002
demand_surge,Static-Opt,4,1.56,0.4003642222058506,1.236185148550979,1.9252145539409256,2.4400000000000017,0.0,2,-13.945792948300603,2.0,1.2000000000000002
demand_surge,Static-Opt,5,1.6133333333333333,0.32710303891656006,1.162222239610347,1.8715183731538014,2.4400000000000017,0.0,2,-8.357292727982522,2.0,1.2000000000000002
demand_surge,Static-Opt,6,1.6483333333333334,0.5338977136102057,1.3651176072674838,2.2478992360866505,2.4400000000000017,0.005050505050505051,1,-17.88711655008701,2.0,1.2000000000000002
demand_surge,Static-Opt,7,1.695,0.7543484937980397,1.5776821539084975,2.6696864650926386,2.4400000000000017,0.0471976401179941,0,-34.05885493528794,2.0,1.2000000000000002
demand_surge,Static-Opt,8,1.59,0.31434450067885616,1.134217652199444,1.8006472846229975,2.4400000000000017,0.0,0,-8.404307024904833,2.0,1.2000000000000002
demand_surge,Static-Opt,9,1.6216666666666666,0.3239305267730923,1.1472514305132295,1.8598461979902077,2.4400000000000017,0.0,1,-7.69702445305147,2.0,1.2000000000000002
demand_surge,Static-Opt,10,1.685,0.4613487412712838,1.2878642300744676,2.1671096188037016,2.4400000000000017,0.0,2,-12.098022748402451,2.0,1.2000000000000002
demand_surge,Static-Opt,11,1.61,0.6525288418395271,1.4836777723659775,2.386451132966837,2.4400000000000017,0.02688728024819028,1,-29.017117117410578,2.0,1.2000000000000002
demand_surge,Static-Opt,12,1.65,0.4855571771266383,1.3204813325184055,2.1757671288165956,2.4400000000000017,0.0,2,-14.806517377468593,2.0,1.2000000000000002
demand_surge,Static-Opt,13,1.6716666666666666,0.47948644862201084,1.3067823433929242,2.184268290756727,2.4400000000000017,0.0,2,-13.598554496351623,2.0,1.2000000000000002
demand_surge,Static-Opt,14,1.6966666666666668,0.470092105715364,1.3023851995709874,2.206766270731428,2.4400000000000017,0.0009813542688910696,1,-12.522732049404356,2.0,1.2000000000000002
demand_surge,Static-Opt,15,1.6766666666666667,0.3858859110439339,1.2146565781368739,2.0334741999225425,2.4400000000000017,0.0,0,-8.647727194376435,2.0,1.2000000000000002
demand_surge,Static-Opt,16,1.6183333333333334,0.39251916729110464,1.2254011902299151,1.981038860007956,2.4400000000000017,0.0,2,-11.30654966328535,2.0,1.2000000000000002
demand_surge,Static-Opt,17,1.6233333333333333,0.562566929386033,1.4006325791138494,2.273409987714649,2.4400000000000017,0.02047082906857728,3,-22.769919072052023,2.0,1.2000000000000002
demand_surge,Static-Opt,18,1.6866666666666668,1.1357412074679631,1.9823362606648753,3.3480502085628645,2.4400000000000017,0.06588003933136677,5,-57.73942991361936,2.0,1.2000000000000002
demand_surge,Static-Opt,19,1.7066666666666668,0.5110730516316346,1.3347088432858703,2.2761330344890043,2.4400000000000017,0.012682926829268294,1,-15.757212313987496,2.0,1.2000000000000002
demand_surge,Static-Opt,20,1.6816666666666666,0.4366875686546367,1.2612572275879774,2.118361714530606,2.4400000000000017,0.0029702970297029703,1,-11.23738597770402,2.0,1.2000000000000002
demand_surge,Static-Opt,21,1.5866666666666667,0.4724747567513049,1.2967982794150639,2.054878328971994,2.4400000000000017,0.0010504201680672268,0,-16.5038676350542,2.0,1.2000000000000002
demand_surge,Static-Opt,22,1.5966666666666667,0.32762690690866947,1.1646220212482257,1.8580774906905697,2.4400000000000017,0.0,2,-9.122624963836815,2.0,1.2000000000000002
demand_surge,Static-Opt,23,1.6033333333333333,0.3313850273005184,1.1610180912406443,1.8639933366929486,2.4400000000000017,0.0,5,-9.022128763782955,2.0,1.2000000000000002
demand_surge,Static-Opt,24,1.57,0.559431683259291,1.3877266491578928,2.177855885130472,2.4400000000000017,0.015822784810126583,6,-23.620936093856784,2.0,1.2000000000000002
demand_surge,Static-Opt,25,1.5183333333333333,0.35783133236952186,1.1947232529444483,1.8098838162571804,2.4400000000000017,0.0,0,-13.598136108745194,2.0,1.2000000000000002
demand_surge,Static-Opt,26,1.6133333333333333,0.6183148143783059,1.4455686374586492,2.330074429496109,2.4400000000000017,0.005149330587023687,3,-23.621802494931337,2.0,1.2000000000000002
demand_surge,Static-Opt,27,1.7033333333333334,0.578210216501019,1.4080289881797345,2.396056337240591,2.4400000000000017,0.0009775171065493646,1,-17.55950609594247,2.0,1.2000000000000002
demand_surge,Static-Opt,28,1.6783333333333332,0.334383801367789,1.160868936654847,1.9445797692229436,2.4400000000000017,0.0,0,-5.936691869996228,2.0,1.2000000000000002
demand_surge,Static-Opt,29,1.645,0.404318284790884,1.2392061427106547,2.036609867599359,2.4400000000000017,0.0,3,-10.922725330983393,2.0,1.2000000000000002
demand_surge,PPO,0,1.6466666666666667,0.378229739194516,1.2178390360598874,2.00445796627524,2.5194232559502523,0.0,2,-12.063913859792828,2.066666666666667,1.1991876324017843
demand_surge,PPO,1,1.505,0.31279133983747265,1.1525748985746225,1.730678728827171,2.4906726795143945,0.0,0,-13.661842527555118,2.066666666666667,1.1906964222590128
demand_surge,PPO,2,1.6216666666666666,0.3595046863797386,1.2096888794069864,1.9605017736977186,2.524152225985484,0.0,3,-12.446401410622784,2.1,1.1886831919352214
demand_surge,PPO,3,1.665,0.3339658708202703,1.1756036958157476,1.9533085853996204,2.4992235226317887,0.0,1,-8.525365852232692,2.0833333333333335,1.1871760964393616
demand_surge,PPO,4,1.56,0.27629412174165524,1.1203788134334958,1.744262247116764,2.526113450444997,0.0,2,-10.873880358748433,2.1,1.189144104719162
demand_surge,PPO,5,1.6133333333333333,0.2982429355207971,1.1425241181400123,1.8397189225078978,2.482368510100842,0.0,2,-8.408657220644084,2.05,1.1943341155846914
demand_surge,PPO,6,1.6483333333333334,0.39422379228760485,1.2278704710191504,2.021518740938346,2.5233196464987424,0.0,1,-12.75443420339575,2.0833333333333335,1.194322544336319
demand_surge,PPO,7,1.695,0.41317638428989406,1.240714109073311,2.0980614138801856,2.5225680192453623,0.0,0,-11.759789028607877,2.0833333333333335,1.1941875398159028
demand_surge,PPO,8,1.59,0.29829937348476093,1.123150548444954,1.783041766345506,2.4677904641718245,0.0,0,-8.56754319043476,2.033333333333333,1.1960124015808105
demand_surge,PPO,9,1.6233333333333333,0.3170280690792945,1.1445647532159904,1.8546821120190442,2.4693456711535804,0.0,0,-8.200115657333022,2.033333333333333,1.196432594458262
demand_surge,PPO,10,1.6866666666666668,0.35372986949499785,1.1919421479031151,2.0055973024664158,2.562623385462668,0.0019743336623889436,1,-10.66692621316345,2.1333333333333333,1.1880190829435984
demand_surge,PPO,11,1.61,0.3706130493948403,1.2063544995475792,1.9399149246857148,2.5576483270212362,0.0,1,-14.368417218424723,2.1166666666666667,1.1925826330979665
demand_surge,PPO,12,1.65,0.388163479410107,1.2251440362873902,2.01828019728582,2.478756587376237,0.0,2,-11.110515327197238,2.033333333333333,1.1991876324017843
demand_surge,PPO,13,1.6716666666666666,0.3766511387907592,1.2151204554503965,2.0307649156240717,2.5303400951129,0.0,2,-11.377667924794169,2.1,1.1904716769854227
demand_surge,PPO,14,1.6966666666666668,0.39193290590006497,1.2284736059194359,2.0813492632183275,2.501489731329768,0.0,1,-10.190514044701075,2.066666666666667,1.1939758698145548
demand_surge,PPO,15,1.6766666666666667,0.3112774613827831,1.1564074822499901,1.935046781760966,2.5109607519000443,0.0,0,-7.343737722665395,2.1,1.1846527258555095
demand_surge,PPO,16,1.6183333333333334,0.3532410535438633,1.1927499699801498,1.9280613331049294,2.502216055795793,0.0,2,-11.393129560865777,2.066666666666667,1.1941324551900228
demand_surge,PPO,17,1.6233333333333333,0.30314085869109275,1.154328602702092,1.8730675294606705,2.5448954588177353,0.0,3,-10.298207034499171,2.1166666666666667,1.1888477484385171
demand_surge,PPO,18,1.6916666666666667,0.4817344639579264,1.3439826019938015,2.2689054369751966,2.6121048356623215,0.0019665683382497543,2,-19.021679748256485,2.183333333333333,1.1845985134442647
demand_surge,PPO,19,1.7066666666666668,0.3511056705771135,1.1818092663249202,2.0149853813571417,2.5375797315101742,0.0,1,-8.693182721719962,2.1,1.192591138680776
demand_surge,PPO,20,1.6816666666666666,0.3645145565439927,1.1930608619561183,2.0031730217982266,2.5076171757093326,0.0,1,-9.412877945406379,2.066666666666667,1.1957426885763804
demand_surge,PPO,21,1.5866666666666667,0.36050086760761507,1.189446268407942,1.8845246302751966,2.5243533859462484,0.0,0,-13.501978902948638,2.0833333333333335,1.1947230458259583
demand_surge,PPO,22,1.5983333333333334,0.3172511406635997,1.1609524918440408,1.8525075890957832,2.5041650676265395,0.0,1,-10.582358414837433,2.0833333333333335,1.1887090007464092
demand_surge,PPO,23,1.6033333333333333,0.2992284489895436,1.131531176931528,1.8165715964449256,2.456514585943163,0.0,5,-8.01942565980798,2.0166666666666666,1.1986502269903818
demand_surge,PPO,24,1.57,0.32393229897660103,1.1614812752121328,1.8223473743565615,2.5104754573379644,0.0,6,-12.164588840028353,2.0833333333333335,1.190667587518692
demand_surge,PPO,25,1.5183333333333333,0.3130811396119379,1.1538248637661297,1.747616090625874,2.4998294816028683,0.0,0,-13.422785081190911,2.066666666666667,1.1934696038564045
demand_surge,PPO,26,1.6133333333333333,0.3533925840603745,1.1881208574158104,1.9146584478521922,2.53629480062895,0.0,3,-12.54918828889497,2.1,1.1922698775927225
demand_surge,PPO,27,1.7033333333333334,0.43023451474445656,1.2668220763265954,2.1549508250174148,2.540908544448553,0.0,1,-13.088381234078188,2.1,1.1936082661151886
demand_surge,PPO,28,1.6783333333333332,0.29977512944089657,1.1291417702623159,1.8913310081662436,2.5151722177581544,0.0,0,-6.507345291149119,2.0833333333333335,1.1920175095399221
demand_surge,PPO,29,1.645,0.32551862105207774,1.1663096190604476,1.9165148733591464,2.501181019741956,0.0,3,-8.98375794905356,2.066666666666667,1.1937965015570322
demand_surge,PPO (v1 reward),0,1.6483333333333334,0.015126841163159238,0.8821244250565622,1.4511275417969598,4.7012114232304,0.0,1,-59.99868657578647,4.0,1.1621111790339151
demand_surge,PPO (v1 reward),1,1.505,0.01676978848904668,0.8755341256123953,1.3139734148151685,4.687372274096763,0.0,0,-66.54314277085322,4.0,1.1591302573680877
demand_surge,PPO (v1 reward),2,1.6216666666666666,0.012359436995560748,0.8778233168676927,1.4226862116092327,4.700003372404132,0.0,3,-61.13333943032031,4.0,1.1618568499883015
demand_surge,PPO (v1 reward),3,1.665,0.018555530227075463,0.8714546179215397,1.447428940539636,4.7034470774914885,0.0,1,-59.12866885212577,4.0,1.1625993470350902
demand_surge,PPO (v1 reward),4,1.56,0.01220212920348067,0.8761179151684494,1.363509669748695,4.6938850816104605,0.0,2,-63.92229521482351,4.0,1.1605403820673625
demand_surge,PPO (v1 reward),5,1.6133333333333333,0.011242155222545616,0.8735396245314916,1.405777087359138,4.700581119584491,0.0,2,-61.41323082350721,4.0,1.1619902193546294
demand_surge,PPO (v1 reward),6,1.6483333333333334,0.01624435031274923,0.8672421326028524,1.4272344952484426,4.702991338626224,0.0,1,-59.798523975547326,4.0,1.1625011563301086
demand_surge,PPO (v1 reward),7,1.695,0.017067209038095915,0.8654334858559083,1.4624249726031804,4.70596416125295,0.0,0,-57.54874505657903,4.0,1.1631411294142404
demand_surge,PPO (v1 reward),8,1.59,0.010866038384634876,0.8623618224046786,1.368396515154946,4.696413185059005,0.0,0,-62.22413975219785,4.0,1.1610861639181773
demand_surge,PPO (v1 reward),9,1.6233333333333333,0.012437710390837914,0.8631216016925024,1.3978784541927896,4.699043189161461,0.0,0,-60.70926702277758,4.0,1.1616559088230134
demand_surge,PPO (v1 reward),10,1.685,0.021635538326718745,0.8708832625174149,1.4644966883583097,4.704696537652808,0.0,2,-58.27106226733339,4.0,1.16286412080129
demand_surge,PPO (v1 reward),11,1.6116666666666666,0.02458246775424879,0.8740707812243679,1.4049193482903464,4.697508669759521,0.0,0,-61.797429661820566,4.0,1.161317656437556
demand_surge,PPO (v1 reward),12,1.65,0.015526627874369432,0.8771656822474405,1.444296305746569,4.702748402969523,0.0,2,-59.87514860591334,4.0,1.1624555269877115
demand_surge,PPO (v1 reward),13,1.675,0.01937810611152803,0.8725879288144827,1.4573423358147741,4.703859119084009,0.0,0,-58.6881315015601,4.0,1.162689592440923
demand_surge,PPO (v1 reward),14,1.6966666666666668,0.01530593234828425,0.8747943075736042,1.4812870571949588,4.705617547888104,0.0,1,-57.611414296899184,4.0,1.1630694270133972
demand_surge,PPO (v1 reward),15,1.6766666666666667,0.014022425481000677,0.868239328492023,1.4526479445828513,4.703821254375434,0.0,0,-58.36960976727384,4.0,1.1626794755458831
demand_surge,PPO (v1 reward),16,1.6183333333333334,0.014365945498335678,0.8738534674854828,1.412117461936359,4.699501749026564,0.0,2,-61.24894200639973,4.0,1.1617517371972401
demand_surge,PPO (v1 reward),17,1.625,0.013407756406337894,0.8782369667524076,1.4256138988506821,4.700588542022677,0.0,2,-61.01719992177396,4.0,1.1619828561941783
demand_surge,PPO (v1 reward),18,1.6916666666666667,0.02253705794118827,0.8976909682139039,1.5151684907213319,4.703185401626364,0.0,2,-58.463837351755984,4.0,1.1625279625256857
demand_surge,PPO (v1 reward),19,1.7066666666666668,0.018114314856780545,0.8679255286891613,1.479489510807555,4.706994264636759,0.0,1,-57.12017382119369,4.0,1.1633588214715322
demand_surge,PPO (v1 reward),20,1.6833333333333333,0.018532104254932368,0.8669940993442189,1.4553356166202314,4.705268298778823,0.0,0,-58.1835991217319,4.0,1.162991714477539
demand_surge,PPO (v1 reward),21,1.5866666666666667,0.011329906822006129,0.865297886108222,1.3702310381740326,4.695823431190887,0.0,0,-62.44105753265159,4.0,1.160953015089035
demand_surge,PPO (v1 reward),22,1.5983333333333334,0.01125583781357033,0.8788122355627301,1.4015946570046445,4.697026698889337,0.0,1,-62.15376730463229,4.0,1.1612183670202891
demand_surge,PPO (v1 reward),23,1.6066666666666667,0.013745251603692164,0.8717933770987624,1.3997508212126488,4.697248643834262,0.0,3,-61.72789149874297,4.0,1.161269102493922
demand_surge,PPO (v1 reward),24,1.57,0.013922353012105258,0.8714273918716918,1.3672660510669605,4.694230128625352,0.0,6,-63.43825869286398,4.0,1.1606112281481424
demand_surge,PPO (v1 reward),25,1.5183333333333333,0.015503601857239119,0.8809879651216117,1.3335290707762466,4.689138168957323,0.0,0,-66.000207356793,4.0,1.1595144708951315
demand_surge,PPO (v1 reward),26,1.6133333333333333,0.01806884162726139,0.869271280758415,1.4003146938719617,4.698872295225311,0.0,3,-61.49616139749341,4.0,1.161615119377772
demand_surge,PPO (v1 reward),27,1.705,0.017398344224548903,0.8785863120635101,1.4940673532612534,4.706903508299041,0.0,0,-57.36986867235765,4.0,1.1633435428142547
demand_surge,PPO (v1 reward),28,1.6783333333333332,0.01421005826446273,0.8653255499045054,1.4485594516657185,4.705148696779168,0.0,0,-58.26646018353311,4.0,1.162971560160319
demand_surge,PPO (v1 reward),29,1.645,0.018155346543885488,0.8780646822797796,1.4425321650701188,4.702488123934927,0.0,3,-60.22315877458139,4.0,1.1623961667219798
machine_degradation,Fixed,0,1.4933333333333334,1.8418786706291095,2.962867073830508,4.441787964693181,2.0,0.1864594894561598,5,-100.91163324351272,2.0,1.0
machine_degradation,Fixed,1,1.39,1.2572772213811105,2.397091301860821,3.339605882476399,2.0,0.08124253285543608,3,-58.62395022803633,2.0,1.0
machine_degradation,Fixed,2,1.5033333333333334,2.855100920925816,3.9817902671763856,5.988222546173036,2.0,0.20930232558139536,1,-171.8457915204044,2.0,1.0
machine_degradation,Fixed,3,1.5466666666666666,1.3806105429253805,2.4891260882266173,3.8714962264267783,2.0,0.06645230439442658,5,-60.432619690436795,2.0,1.0
machine_degradation,Fixed,4,1.525,1.3125528958267925,2.429800363756887,3.704299362411339,2.0,0.08724100327153762,2,-59.92687019094849,2.0,1.0
machine_degradation,Fixed,5,1.4416666666666667,0.9414596640117032,2.078528195627246,2.9937782910378536,2.0,0.03121387283236994,0,-37.52875812788934,2.0,1.0
machine_degradation,Fixed,6,1.4683333333333333,1.345921014293559,2.469080337894233,3.630778175001438,2.0,0.10633484162895927,3,-64.59960912388752,2.0,1.0
machine_degradation,Fixed,7,1.5083333333333333,1.93494341472644,3.0424843867925153,4.586393837755542,2.0,0.1545253863134658,1,-106.68055098328294,2.0,1.0
machine_degradation,Fixed,8,1.4733333333333334,1.2995355355055105,2.4069457130751024,3.5445553933207474,2.0,0.10282485875706214,1,-63.793450799154186,2.0,1.0
machine_degradation,Fixed,9,1.515,1.2100668268760664,2.318960256142087,3.514839802844299,2.0,0.035164835164835165,1,-48.57312271404491,2.0,1.0
machine_degradation,Fixed,10,1.5816666666666668,2.8541024763632907,3.970174734545454,6.299209452991158,2.0,0.26464435146443516,7,-176.9185937737288,2.0,1.0
machine_degradation,Fixed,11,1.4683333333333333,1.7249448383413937,2.8461252576885347,4.191635135397934,2.0,0.13641488162344984,6,-90.70823113026596,2.0,1.0
machine_degradation,Fixed,12,1.4716666666666667,1.2816189968708538,2.4104882897455924,3.565927150827955,2.0,0.11161217587373168,4,-64.20190900265793,2.0,1.0
machine_degradation,Fixed,13,1.5033333333333334,1.550440197389631,2.672427670435721,4.0234918194562335,2.0,0.12596685082872927,3,-77.60962438903654,2.0,1.0
machine_degradation,Fixed,14,1.5516666666666667,1.8091803543528187,2.9181639650085667,4.528976998838149,2.0,0.19185423365487675,2,-100.24360707026587,2.0,1.0
machine_degradation,Fixed,15,1.4533333333333334,0.8573276635470528,1.983145007901798,2.8799677032167663,2.0,0.0045871559633027525,0,-30.303970783658755,2.0,1.0
machine_degradation,Fixed,16,1.4033333333333333,0.9589437225108635,2.089897900083102,2.9492030980559374,2.0,0.053128689492325853,5,-41.65901596839926,2.0,1.0
machine_degradation,Fixed,17,1.5116666666666667,1.5914560190905467,2.715324963736315,4.106152185248475,2.0,0.12197802197802197,3,-79.87944916213058,2.0,1.0
machine_degradation,Fixed,18,1.52,4.491926144535286,5.631888197979743,8.569878163280519,2.0,0.42529989094874593,5,-293.7725167143246,2.0,1.0
machine_degradation,Fixed,19,1.565,1.6610561631782674,2.76405803200133,4.327778082312826,2.0,0.12301166489925769,4,-85.06595353848324,2.0,1.0
machine_degradation,Fixed,20,1.5116666666666667,1.2998320429888819,2.4136135781330026,3.716024111142612,2.0,0.09140369967355821,12,-62.653877887923414,2.0,1.0
machine_degradation,Fixed,21,1.4983333333333333,1.3601159283448967,2.476579081440912,3.7083190476698626,2.0,0.10567296996662959,0,-65.11835508832056,2.0,1.0
machine_degradation,Fixed,22,1.44,0.9810275889397149,2.1079578653247206,3.039048268708439,2.0,0.05293440736478711,5,-41.82110055641682,2.0,1.0
machine_degradation,Fixed,23,1.455,0.9396103410761215,2.0662270346350358,3.0151794363408735,2.0,0.023917995444191344,5,-36.84243192414733,2.0,1.0
machine_degradation,Fixed,24,1.455,1.4536924315494013,2.5831684347107218,3.7597937241843624,2.0,0.09246575342465753,3,-71.94773529616768,2.0,1.0
machine_degradation,Fixed,25,1.3866666666666667,1.0202622896785656,2.1483360026712752,2.9761887075344124,2.0,0.03717026378896882,2,-41.709096208110196,2.0,1.0
machine_degradation,Fixed,26,1.4683333333333333,1.818897556289528,2.9286805613069,4.301706481262313,2.0,0.16874292185730463,2,-97.93861735680328,2.0,1.0
machine_degradation,Fixed,27,1.5333333333333334,1.3343246069594177,2.4427445413505877,3.743639739470763,2.0,0.10749185667752444,1,-63.44695727135989,2.0,1.0
machine_degradation,Fixed,28,1.4733333333333334,0.9050698532861513,2.0028652790115857,2.9504764832505637,2.0,0.012415349887133182,2,-32.54873332014244,2.0,1.0
machine_degradation,Fixed,29,1.515,1.108805628491166,2.2220353934378116,3.37612086309044,2.0,0.024096385542168676,4,-43.0785810837481,2.0,1.0
machine_degradation,Static-Opt,0,1.5016666666666667,0.25024136167986,1.0824477672391386,1.62271994514791,2.4400000000000017,0.0,0,-9.336663347981537,2.0,1.2000000000000002
machine_degradation,Static-Opt,1,1.395,0.2628134433076649,1.1053257837743145,1.5387007306636045,2.4400000000000017,0.0,0,-14.56365432941871,2.0,1.2000000000000002
machine_degradation,Static-Opt,2,1.505,0.35022588277357575,1.1892349099626545,1.7872987834219942,2.4400000000000017,0.018826135105204873,0,-15.841142292238182,2.0,1.2000000000000002
machine_degradation,Static-Opt,3,1.5533333333333332,0.3128682050246451,1.1424675505395623,1.7719296395449267,2.4400000000000017,0.0,1,-10.010950687028197,2.0,1.2000000000000002
machine_degradation,Static-Opt,4,1.5266666666666666,0.25101905251147894,1.0806883369640745,1.6475924374094713,2.4400000000000017,0.0,1,-8.269112811929096,2.0,1.2000000000000002
machine_degradation,Static-Opt,5,1.4416666666666667,0.2788747347086199,1.1269847624587872,1.6219698415533257,2.4400000000000017,0.0,0,-13.400437464328594,2.0,1.2000000000000002
machine_degradation,Static-Opt,6,1.47,0.27048917451355775,1.1081816862310416,1.6284060325372993,2.4400000000000017,0.0,2,-11.698015948076328,2.0,1.2000000000000002
machine_degradation,Static-Opt,7,1.5083333333333333,0.2839578326305802,1.1085750829511904,1.669413971128211,2.4400000000000017,0.0,1,-10.442422809458785,2.0,1.2000000000000002
machine_degradation,Static-Opt,8,1.4733333333333334,0.18019757235781692,1.0024930511252457,1.4753284713812918,2.4400000000000017,0.0,1,-7.282781275504806,2.0,1.2000000000000002
machine_degradation,Static-Opt,9,1.5166666666666666,0.29863269301892587,1.1312237277766244,1.7128382212403335,2.4400000000000017,0.0,0,-10.906731174300676,2.0,1.2000000000000002
machine_degradation,Static-Opt,10,1.59,0.35860993497141,1.189863078562806,1.8891017819259193,2.4400000000000017,0.0020920502092050207,2,-10.945512313068178,2.0,1.2000000000000002
machine_degradation,Static-Opt,11,1.475,0.3269363672283503,1.1664013754237266,1.7174841150851883,2.4400000000000017,0.0,2,-13.989969930934958,2.0,1.2000000000000002
machine_degradation,Static-Opt,12,1.4766666666666666,0.24462457787431147,1.0890598829205564,1.6056721581805744,2.4400000000000017,0.0,1,-10.370187178066093,2.0,1.2000000000000002
machine_degradation,Static-Opt,13,1.5066666666666666,0.31106957574884453,1.145590301284328,1.7233623358630916,2.4400000000000017,0.0,1,-11.916554924665762,2.0,1.2000000000000002
machine_degradation,Static-Opt,14,1.555,0.3261966213084433,1.1524195757204316,1.7894692380364456,2.4400000000000017,0.0,0,-10.503874286860677,2.0,1.2000000000000002
machine_degradation,Static-Opt,15,1.4533333333333334,0.20953760622772438,1.0547180193078647,1.5306538131269172,2.4400000000000017,0.0,0,-9.849349536440268,2.0,1.2000000000000002
machine_degradation,Static-Opt,16,1.4116666666666666,0.19525283012325645,1.0369294685667994,1.461305757791785,2.4400000000000017,0.0,0,-10.997043506933363,2.0,1.2000000000000002
machine_degradation,Static-Opt,17,1.5133333333333334,0.2611061943246196,1.1004079673586034,1.6647641590807996,2.4400000000000017,0.0,2,-9.500266184868163,2.0,1.2000000000000002
machine_degradation,Static-Opt,18,1.525,0.366634946458717,1.2123321154256732,1.848356030799598,2.4400000000000017,0.0,2,-13.964996374833978,2.0,1.2000000000000002
machine_degradation,Static-Opt,19,1.565,0.32713373283352937,1.1485750540468609,1.7995472218140833,2.4400000000000017,0.0,4,-10.145540799536496,2.0,1.2000000000000002
machine_degradation,Static-Opt,20,1.5283333333333333,0.31111092777029126,1.1424983285715897,1.7441385537521243,2.4400000000000017,0.0,2,-10.988324267986206,2.0,1.2000000000000002
machine_degradation,Static-Opt,21,1.4983333333333333,0.24357504239819053,1.076591238448982,1.6106705962536205,2.4400000000000017,0.0,0,-9.197266048522645,2.0,1.2000000000000002
machine_degradation,Static-Opt,22,1.4433333333333334,0.23233207355758673,1.0710725779800523,1.5448455640199443,2.4400000000000017,0.0,3,-11.176695498837796,2.0,1.2000000000000002
machine_degradation,Static-Opt,23,1.46,0.2260319267977871,1.0654638998787649,1.5535819105391222,2.4400000000000017,0.0,2,-10.195870848619833,2.0,1.2000000000000002
machine_degradation,Static-Opt,24,1.455,0.22621083819672466,1.0640365055592638,1.549456767268991,2.4400000000000017,0.0,3,-10.457570977712265,2.0,1.2000000000000002
machine_degradation,Static-Opt,25,1.3866666666666667,0.2540791174338245,1.0965532158037854,1.5177165764114933,2.4400000000000017,0.0,2,-14.554413688086177,2.0,1.2000000000000002
machine_degradation,Static-Opt,26,1.47,0.2796887205714639,1.1099919084996464,1.62943143124872,2.4400000000000017,0.0,1,-11.953740721305575,2.0,1.2000000000000002
machine_degradation,Static-Opt,27,1.535,0.2922840747900315,1.1147840274988192,1.7076058334035886,2.4400000000000017,0.0,0,-9.667078987291639,2.0,1.2000000000000002
machine_degradation,Static-Opt,28,1.475,0.2802523500046637,1.102827234113762,1.6243379719939206,2.4400000000000017,0.0,1,-11.632755556550864,2.0,1.2000000000000002
machine_degradation,Static-Opt,29,1.52,0.31652034111337574,1.1522495338536205,1.7504394717439917,2.4400000000000017,0.0,1,-11.669437183425156,2.0,1.2000000000000002
machine_degradation,PPO,0,1.5016666666666667,0.21605179248812756,1.0575460451817822,1.5853258591011314,2.4910072651088817,0.0,0,-9.494008213434167,2.066666666666667,1.1908350030581156
machine_degradation,PPO,1,1.395,0.25553545702207925,1.1004472642481997,1.531895195838993,2.4504634132535057,0.0,0,-14.613140073497583,2.0166666666666666,1.1968386193116507
machine_degradation,PPO,2,1.505,0.28330927252043214,1.120206181035992,1.6834105463165865,2.45842325308923,0.006644518272425249,0,-12.255657354291303,2.0166666666666666,1.1991876324017843
machine_degradation,PPO,3,1.5533333333333332,0.3062922157391388,1.143238625834034,1.7731273764017563,2.4746868949330847,0.0,1,-10.882065716880026,2.05,1.191972651084264
machine_degradation,PPO,4,1.5266666666666666,0.23351344900546678,1.066025005964639,1.6252064186422985,2.462678562309728,0.0,1,-8.199783471669743,2.033333333333333,1.1944355249404908
machine_degradation,PPO,5,1.4416666666666667,0.26663525118312786,1.1192261584848457,1.610784520743512,2.467435748445908,0.0,0,-13.771671470501653,2.033333333333333,1.1958704710006713
machine_degradation,PPO,6,1.47,0.2585211522347921,1.0989673437280993,1.6148609489772594,2.4622018011637,0.0,2,-11.884855110770811,2.033333333333333,1.1942874372005463
machine_degradation,PPO,7,1.5083333333333333,0.2525282051172732,1.0800893822262525,1.6263098598838341,2.467113716497717,0.0,1,-9.88527058247158,2.033333333333333,1.1958107272783915
machine_degradation,PPO,8,1.4733333333333334,0.18023563745392962,1.0028575397383233,1.4758654845201196,2.4380899188022225,0.0,1,-7.2329324835864135,2.0,1.1991876324017843
machine_degradation,PPO,9,1.5166666666666666,0.2993870384868186,1.1356849342005502,1.7195284270016964,2.450408477379411,0.0,0,-11.319861596092933,2.0166666666666666,1.1968213200569153
machine_degradation,PPO,10,1.59,0.31190500270769816,1.147640035435192,1.8219073316168677,2.4712167126818874,0.0,2,-9.526110537353452,2.033333333333333,1.1969755987326305
machine_degradation,PPO,11,1.475,0.30563289088918216,1.1450160931307107,1.6859408235937143,2.4758042858614058,0.0,2,-14.119971712074651,2.033333333333333,1.1983500083287557
machine_degradation,PPO,12,1.4766666666666666,0.2467025780709162,1.0919554786408179,1.609947987759003,2.4380899188022225,0.0,1,-10.419427942299757,2.0,1.1991876324017843
machine_degradation,PPO,13,1.5066666666666666,0.2621135310784054,1.1064113776094315,1.66433275742939,2.5010332008042617,0.0,1,-11.711508076126993,2.066666666666667,1.193830798069636
machine_degradation,PPO,14,1.555,0.2632687330984656,1.0937381847639838,1.698032775409821,2.4771487187931642,0.0,0,-8.759746708138925,2.033333333333333,1.1987359007199605
machine_degradation,PPO,15,1.4533333333333334,0.2183578271130188,1.0644243267160105,1.544760313162184,2.452272366302653,0.0,0,-10.617535504302472,2.0166666666666666,1.197399079799652
machine_degradation,PPO,16,1.4116666666666666,0.19331282480238096,1.0389981054438704,1.4642259834408362,2.4628777017281025,0.0,0,-11.669121731361717,2.033333333333333,1.1945021331310273
machine_degradation,PPO,17,1.5116666666666667,0.2424164093589726,1.085507812872087,1.6424119254372194,2.4694041898062022,0.0,3,-9.723348117239803,2.033333333333333,1.1964809477329255
machine_degradation,PPO,18,1.525,0.31858486402872443,1.1691477257006446,1.7824998363782807,2.5029663693461157,0.0,2,-13.743808011291616,2.066666666666667,1.1943919996420542
machine_degradation,PPO,19,1.5666666666666667,0.30094763848082584,1.1241369207531926,1.761891755964726,2.4723912601982168,0.0,3,-9.835503753249997,2.033333333333333,1.1973735253016153
machine_degradation,PPO,20,1.5283333333333333,0.2912480253569965,1.1296727832028777,1.724536845145117,2.4928708079460367,0.0,2,-11.792799557693552,2.066666666666667,1.191311873992284
machine_degradation,PPO,21,1.4983333333333333,0.24614404517237382,1.0832920149894976,1.6207060488192986,2.463659199460713,0.0,0,-10.096753467951997,2.033333333333333,1.194739866256714
machine_degradation,PPO,22,1.4433333333333334,0.21808666327818693,1.0579374107108173,1.5258871391843591,2.45842325308923,0.0,3,-11.131796234428961,2.0166666666666666,1.1991876324017843
machine_degradation,PPO,23,1.46,0.2204725634454622,1.059608312290153,1.5450327525653746,2.4380899188022225,0.0,2,-9.89426120285762,2.0,1.1991876324017843
machine_degradation,PPO,24,1.455,0.20154722016235332,1.0420316155745917,1.5174396522506444,2.471470814581999,0.0,3,-10.365659937501436,2.033333333333333,1.1970495184262593
machine_degradation,PPO,25,1.3866666666666667,0.24219445161992034,1.0881574044385653,1.506074384539963,2.465600987180754,0.0,2,-14.886095742335442,2.033333333333333,1.195345139503479
machine_degradation,PPO,26,1.47,0.2574573476257423,1.092666586888675,1.6039632083837352,2.4800520314883125,0.0,1,-12.261440863431444,2.05,1.193600877126058
machine_degradation,PPO,27,1.535,0.2640768114354272,1.0906962318618856,1.6706257673303122,2.45093596441484,0.0,0,-8.772030440369889,2.0166666666666666,1.196986730893453
machine_degradation,PPO,28,1.475,0.2421923586895486,1.0662688049017746,1.5703156584282547,2.453019364134344,0.0,1,-10.364575948376975,2.0166666666666666,1.1976255496342978
machine_degradation,PPO,29,1.5216666666666667,0.30546541672706734,1.1432847734025375,1.7371161891661526,2.4838873634842797,0.0,0,-12.428712938676698,2.05,1.1948031703631083
machine_degradation,PPO (v1 reward),0,1.5016666666666667,0.013285442771622871,0.9622539278214403,1.442228862865018,4.68292129388829,0.0,0,-68.05349068914589,4.0,1.1581852773825327
machine_degradation,PPO (v1 reward),1,1.395,0.014868654507407346,0.9773880938659792,1.3602276531557957,4.6733697570697315,0.0,0,-73.19717646464255,4.0,1.156121317545573
machine_degradation,PPO (v1 reward),2,1.5033333333333334,0.007647254954575255,0.962806108444409,1.4463187260021309,4.68428580770524,0.0,1,-67.89133366225359,4.0,1.158477900425593
machine_degradation,PPO (v1 reward),3,1.5533333333333332,0.019808910548063545,0.9628430460540892,1.4929129091435756,4.68916777911441,0.0,1,-65.94384542207904,4.0,1.1595363636811575
machine_degradation,PPO (v1 reward),4,1.5266666666666666,0.010805898652673835,0.9548428215232887,1.4554682837285038,4.686077115620108,0.0,1,-66.74487896832088,4.0,1.158865793546041
machine_degradation,PPO (v1 reward),5,1.4416666666666667,0.012697284312301644,0.978903485818908,1.4084860009834514,4.679175283664972,0.0,0,-71.10658504965484,4.0,1.1573761681715646
machine_degradation,PPO (v1 reward),6,1.47,0.014402906793057718,0.9701148026690863,1.4254477136205101,4.68163018212397,0.0,2,-69.73537894090948,4.0,1.157908660173416
machine_degradation,PPO (v1 reward),7,1.5083333333333333,0.01138107908668183,0.9488132263341587,1.4284398373093568,4.685308879627918,0.0,1,-67.50954073375324,4.0,1.1586967090765634
machine_degradation,PPO (v1 reward),8,1.4733333333333334,0.009334931178161443,0.9467306781113678,1.3931719083897385,4.681371315752108,0.0,1,-69.0067647480849,4.0,1.15784849524498
machine_degradation,PPO (v1 reward),9,1.5166666666666666,0.014020341956296194,0.9577492958082445,1.4497353326643094,4.685358900281738,0.0,0,-67.34034633583072,4.0,1.1587037364641826
machine_degradation,PPO (v1 reward),10,1.59,0.019080184595833886,0.9608018556981731,1.5248944374507032,4.691968763276019,0.0,2,-64.2038710308218,4.0,1.1601337889830272
machine_degradation,PPO (v1 reward),11,1.475,0.01898995661987427,0.9694682947235955,1.4270078209432195,4.680169786822066,0.0,2,-69.53337080423822,4.0,1.1575865825017293
machine_degradation,PPO (v1 reward),12,1.4766666666666666,0.011623597363522965,0.9728926421558871,1.4341318658829219,4.6817685379578915,0.0,1,-69.37159374725432,4.0,1.1579313814640044
machine_degradation,PPO (v1 reward),13,1.5066666666666666,0.019592052977768573,0.968693404350983,1.4568376777199945,4.684379439966508,0.0,1,-68.14477180839218,4.0,1.1584967394669852
machine_degradation,PPO (v1 reward),14,1.5533333333333332,0.017337847160988434,0.9584126005878812,1.488170333568738,4.6889199138655515,0.0,1,-65.81040762541262,4.0,1.1594731271266938
machine_degradation,PPO (v1 reward),15,1.4533333333333334,0.009391552806624697,0.9671016796981572,1.4033180661629039,4.6816361633232,0.0,0,-70.3345847150722,4.0,1.1579078416029611
machine_degradation,PPO (v1 reward),16,1.4116666666666666,0.010598119525471437,0.9735319181210522,1.3718095490034579,4.6757574360316525,0.0,0,-72.30373588613331,4.0,1.1566344936688742
machine_degradation,PPO (v1 reward),17,1.5133333333333334,0.014616956354134309,0.9695922001635405,1.4667962979707732,4.685902752084513,0.0,2,-67.77680402927128,4.0,1.1588266948858896
machine_degradation,PPO (v1 reward),18,1.5266666666666666,0.02180070823848415,0.9845123292219788,1.5004798286999033,4.686074324912785,0.0,1,-67.58707115417587,4.0,1.1588608702023824
machine_degradation,PPO (v1 reward),19,1.565,0.016262812503423124,0.9496848678041664,1.4882840802672772,4.691350876849988,0.0,4,-65.1605137180784,4.0,1.1600060264269512
machine_degradation,PPO (v1 reward),20,1.5283333333333333,0.018336608077966145,0.9637844942602506,1.4710042435444686,4.686008481070908,0.0,2,-67.03674544288577,4.0,1.1588512480258941
machine_degradation,PPO (v1 reward),21,1.4983333333333333,0.012014151404435082,0.9638181340535612,1.4416988947525256,4.683407052354379,0.0,0,-68.22661997103937,4.0,1.1582888007164
machine_degradation,PPO (v1 reward),22,1.4416666666666667,0.008363310887066353,0.9680928321526059,1.39630635499735,4.678866834332542,0.0,4,-70.83870920746381,4.0,1.1573135018348695
machine_degradation,PPO (v1 reward),23,1.46,0.010364684713520656,0.9660199324157447,1.4083937179487387,4.68090440162123,0.0,2,-70.0002405782931,4.0,1.1577509641647339
machine_degradation,PPO (v1 reward),24,1.4583333333333333,0.008481256052709624,0.9625304120070305,1.4014189600632934,4.67992481287582,0.0,1,-69.93740487841775,4.0,1.157536651690801
machine_degradation,PPO (v1 reward),25,1.3866666666666667,0.01724643597626445,0.9752464413942193,1.3495045157851366,4.674654326288208,0.0,2,-73.66415502003541,4.0,1.1564024309317271
machine_degradation,PPO (v1 reward),26,1.47,0.014484482487980045,0.9529047187548029,1.3985132622269434,4.682163773222014,0.0,1,-69.43033175001567,4.0,1.158015062411626
machine_degradation,PPO (v1 reward),27,1.5333333333333334,0.010895814751527386,0.9516420385097378,1.4572825683438215,4.68792922870207,0.0,1,-66.42599216833013,4.0,1.1592659453550975
machine_degradation,PPO (v1 reward),28,1.475,0.010643744309535444,0.9460246166060036,1.3930541110743613,4.681093542372085,0.0,1,-68.93204701547302,4.0,1.1577849090099335
machine_degradation,PPO (v1 reward),29,1.5216666666666667,0.01791134734028102,0.9643357618193503,1.4648439615274416,4.686633712144685,0.0,0,-67.36773070632024,4.0,1.1589839140574136
